,A,B,C,D
2000-01-01,-0.132520159318442,0.014731420546309586,0.37614486659451335,1.0504632538229568
2000-01-02,-0.6133681257332372,-0.6985978573789147,1.0877702723023117,1.1886841302435738
2000-01-03,-1.5128753269515538,-1.0105551518128468,2.6216935529721854,0.8823268684995564
2000-01-04,-1.422660804092289,-2.6206028763103575,-0.3107024898538926,2.5834671863397283
2000-01-05,-1.6753491764734791,-3.1064132202988035,-0.49718254804290624,4.019544456734598
2000-01-06,-1.1373671093049689,-4.615871397249334,1.6594175239047542,5.651796084159876
2000-01-07,0.012060406166899407,-4.071846172105236,1.6136795060103732,4.707172802257141
2000-01-08,0.5980026634126752,-5.363507470670455,-0.2821129640288873,3.1314795235955835
2000-01-09,1.0753385696755218,-5.244423719371751,-2.07127051954376,4.998106351041153
2000-01-10,0.9391172105343584,-4.760636521623794,-4.0301601557015925,5.020083144160308
2000-01-11,2.367811823828733,-3.321621632606072,-2.413656039915555,3.6161382315941557
2000-01-12,2.9273837016949886,-1.9783826626086658,-3.4176144979890446,1.547459078959709
2000-01-13,3.5359992012316566,-2.135783770093731,-2.1087759180246817,1.3544331107698113
2000-01-14,4.570337019009006,-3.9470023639847414,-2.5332587296831695,2.1233991312885414
2000-01-15,5.269478584253382,-5.26500018167472,-2.5768062487941616,3.3295329355535856
2000-01-16,5.091593664655328,-5.00509397515533,-4.066561035283989,3.0519163638982234
2000-01-17,5.083832534655256,-3.366711992320065,-2.454028549349954,4.6737728204248725
2000-01-18,6.109271818327448,-3.276192147137999,-2.6966592014566233,5.905408250835277
2000-01-19,6.022631266944558,-3.803275518317251,-3.112393658589948,7.489046274917813
2000-01-20,5.137698292906977,-5.2208602653985725,-3.050861994675712,6.744605898536722
2000-01-21,5.701713631292894,-3.705808585580586,-3.1174911788418975,6.092560246530811
2000-01-22,5.211750375847719,-3.3680457134044417,-3.764384807526507,5.903373459825535
2000-01-23,3.586926917361283,-4.776591029459112,-3.2478542938626602,5.194317110418936
2000-01-24,4.588200244569453,-3.4774186412109396,-4.637911715757679,5.8322942937500075
2000-01-25,2.914327685160562,-2.7061935214992374,-5.133498063039456,6.523650555836848
2000-01-26,3.4960673334610344,-3.85482719332035,-6.6842457765861925,6.481433094866874
2000-01-27,4.379668963377256,-5.532797214664711,-6.797768724811503,6.744169537533698
2000-01-28,1.1321410288043623,-5.3688744378133375,-6.001401822225197,7.443926426463859
2000-01-29,1.5132354923483389,-5.97078600540793,-5.623035994065269,7.887835208157601
2000-01-30,0.7393535619715299,-6.453882447090268,-5.501223838162466,6.204467912973836
2000-01-31,0.690363241208731,-7.76407389028929,-4.593062879083661,5.599291917005912
2000-02-01,-0.012730414694996472,-7.603334633347029,-4.39486175450565,5.1348136222347724
2000-02-02,-0.10487614106895098,-7.107058101570624,-4.036491181393591,5.112606891065059
2000-02-03,1.101096378160978,-7.501439439072955,-5.141369894778402,4.825830631797394
2000-02-04,0.853804240261928,-6.954166731101492,-5.599473294977195,6.5134026199273745
2000-02-05,-0.28901425324963526,-6.175881928917784,-5.403341943466968,5.6840307505642675
2000-02-06,0.4355914502731364,-5.510378000371303,-5.371289197592635,6.779449777716522
2000-02-07,-0.7551628276274351,-6.326911782609815,-4.758102739545761,5.581761695326097
2000-02-08,-0.9613027388433918,-6.847825932687802,-6.417372770116059,6.876269183382924
2000-02-09,-3.080593315709945,-8.007783072092723,-6.848376255644891,6.67955899134246
2000-02-10,-6.306105462350853,-8.299903194422448,-7.057676047599924,6.738316614952049
2000-02-11,-6.430953497196548,-8.646034178384845,-8.805953438952463,6.985578634689644
2000-02-12,-7.240991447220042,-9.187650458959052,-7.303655885022028,7.608781990578619
2000-02-13,-7.531074475256297,-9.078609439894272,-6.629475839806361,6.75396977151161
2000-02-14,-7.034246481195251,-9.71650621452973,-8.919947111768922,8.413276664000367
2000-02-15,-7.6134505829859425,-8.865637724767515,-7.751984817213419,9.437881698039835
2000-02-16,-7.637514798890459,-9.092156199440925,-8.668597161907362,10.287969021881628
2000-02-17,-8.034133802253034,-9.000761135457187,-9.945270117416896,11.420846492829877
2000-02-18,-6.876282886588576,-8.064169988901641,-9.930496182730007,11.470526913445886
2000-02-19,-6.110192282398358,-10.006332690895906,-9.860816484584282,12.018708652223253
2000-02-20,-7.39280310739558,-10.820144364778647,-11.013153618082606,14.524463182623098
2000-02-21,-6.6633270563415,-8.589772977003157,-10.309673774045573,13.593275702264442
2000-02-22,-7.902738610620185,-7.288482908387775,-10.204737533153818,13.565339474708829
2000-02-23,-6.938387048698628,-8.975011429965088,-12.06530962596203,15.400870203561682
2000-02-24,-6.824183093754268,-8.790441340025888,-12.268303822294161,16.00727475371542
2000-02-25,-5.7531544138880655,-8.529718676206153,-11.735338470946981,15.283534901405437
2000-02-26,-5.038474462625079,-8.211721915381913,-12.503430939707064,14.82416718914421
2000-02-27,-6.0553707923002165,-8.971994288061483,-13.060209406865173,14.222318422225436
2000-02-28,-7.363114535491548,-10.307639266745637,-12.872510865844584,12.199368496635554
2000-02-29,-5.78571578268096,-11.930994052294402,-12.837254865196341,13.32573204746461
2000-03-01,-6.135373200282872,-12.538629804033166,-11.757172427729385,14.864411695599879
2000-03-02,-6.109131408148173,-13.05466433075454,-12.109767342083753,14.606518751465622
2000-03-03,-5.81444111513656,-12.700769915794837,-12.690152040898548,14.592081320299085
2000-03-04,-6.055261551307717,-10.596393656288765,-13.329388773250079,15.730143824050618
2000-03-05,-4.878481694341806,-9.81098577820509,-13.305574528446627,14.849932104961024
2000-03-06,-5.050109838803252,-10.044307024752106,-13.192653921708327,16.242079339750124
2000-03-07,-4.42917387832132,-9.226305683684682,-12.194594809454134,16.04522831900918
2000-03-08,-5.02001925002395,-8.935130535731496,-12.10058963621961,14.750474846885405
2000-03-09,-3.779060171212608,-8.469289198711348,-12.517743178265878,17.103761783497873
2000-03-10,-2.4849933576562444,-7.283496035814251,-12.805332537522574,16.685323184476804
2000-03-11,-4.295670161901674,-7.580312259629991,-11.166271921536483,15.59741976596149
2000-03-12,-5.58600605352648,-7.078225252681135,-11.279968917668564,14.974516828058128
2000-03-13,-5.179429513666347,-8.131492907273135,-10.29464794053813,13.65775645776223
2000-03-14,-5.623222451699629,-8.517380633127779,-10.19846932565864,13.199912644745321
2000-03-15,-5.642722197404399,-9.673518785515416,-9.966925640378403,14.83516681218501
2000-03-16,-4.15297807747154,-9.705698094428053,-10.84187436796296,16.28993180140572
2000-03-17,-4.316155833105365,-10.061966787854077,-10.759280388352527,17.241093652573202
2000-03-18,-5.118073648438964,-10.101801102077387,-12.705495990138669,16.165267773552436
2000-03-19,-4.656125680986763,-8.86117682695891,-14.849717132407003,16.92370762580976
2000-03-20,-4.180601309619252,-8.095334936743763,-13.877893583844852,17.276015021818548
2000-03-21,-3.492883413653163,-7.691451299992867,-14.649935413784306,17.05953411427282
2000-03-22,-2.9777353122239254,-8.30245046661927,-13.640492202792268,15.365705108269577
2000-03-23,-3.974802197485903,-9.373643918316928,-14.749695857511327,15.153441565578254
2000-03-24,-3.6481458328687575,-9.262756871429412,-14.292511314429248,15.27687910080004
2000-03-25,-2.185376395802767,-10.12211725430895,-16.280433563177674,14.986886530880579
2000-03-26,-3.1655157034538344,-10.474044154476957,-15.481248044794912,13.013295934778931
2000-03-27,-3.5309800336745525,-7.998388522589677,-15.481530959331822,12.095673629314167
2000-03-28,-4.2984889722865445,-7.955847113203422,-15.933695939351502,12.578202510362784
2000-03-29,-5.549329475976442,-7.483278125016222,-15.554152659013177,13.307997644940684
2000-03-30,-6.6767546318026865,-7.896577898259548,-15.53062973642561,14.625847456129726
2000-03-31,-6.515280733300835,-7.8964901229217705,-13.54898598122807,14.803607912800674
2000-04-01,-5.354879135287496,-8.315747055114974,-12.505652916028744,16.499549460449632
2000-04-02,-6.70702109334059,-8.265324536228364,-12.312908249053585,17.496391250567672
2000-04-03,-6.603431472739082,-7.754400903238221,-9.945444038835879,15.690878774594061
2000-04-04,-7.138557450689923,-7.300031532124748,-8.554934630184265,13.933051465347386
2000-04-05,-6.6776681850330535,-7.631360648254378,-6.4755321949741695,13.865814261526285
2000-04-06,-7.196473911991873,-9.367943304092968,-5.998795244679387,12.342640798077069
2000-04-07,-9.339657834605905,-8.873921716407693,-3.9130158631450276,12.640227266685118
2000-04-08,-9.68011640985065,-8.5913394443548,-4.368418368555002,14.585181738529613
2000-04-09,-8.740245514588745,-8.29258031479194,-4.565005993961067,15.93914222616781
2000-04-10,-10.346471518925282,-10.524979770202904,-3.992599551589482,16.089839818975847
2000-04-11,-9.418582149509689,-11.846827568429719,-2.427631859395667,17.020242848333154
2000-04-12,-10.087524749281416,-11.306183982161569,-1.992086679470596,14.646424873607184
2000-04-13,-10.118612959125812,-10.569492478133414,-2.4714299820784054,13.351178988037766
2000-04-14,-9.682851774630294,-9.954818808762754,-1.17000652826609,12.213599019988463
2000-04-15,-9.048058382064418,-11.211271681186412,-1.1967990396067145,12.67168173805893
2000-04-16,-9.75727492310337,-10.619581496200368,-0.17502226747597494,13.264729647399612
2000-04-17,-9.27127104718307,-8.99383341504218,-0.17541885751272548,13.273727644697088
2000-04-18,-10.714493331777705,-7.8038036306125464,-1.518200529967923,12.745145800162076
2000-04-19,-11.594396724370437,-7.207751413300578,-2.904738048228169,12.100624423658319
2000-04-20,-11.290668076567252,-8.903557635377766,-3.1767087485588936,10.350980122606636
2000-04-21,-12.99117847595434,-9.933715887890777,-3.2700695266677364,11.75501151678343
2000-04-22,-14.114864814036945,-8.595475401720229,-1.8223879842697688,12.462546858874482
2000-04-23,-12.057228696979516,-7.950708549508453,-3.181271966522575,11.856358371317597
2000-04-24,-12.655859766021523,-9.46978030322577,-5.067357904599224,11.84195479563193
2000-04-25,-12.303466295212052,-9.368033971808444,-5.385063090281479,9.890009114957905
2000-04-26,-11.920524170228724,-9.318435436974596,-5.790180375778352,9.83841306938023
2000-04-27,-12.766613219440188,-9.03097713104035,-6.293061180835133,8.955308875249186
2000-04-28,-13.562629001363536,-9.888396188263501,-5.370903438820394,10.05955880207485
2000-04-29,-13.441075617169226,-9.12883370894183,-6.800716902311338,10.691784546681887
2000-04-30,-14.137645873608548,-8.632537992144947,-5.603850044041902,9.826276979343033
2000-05-01,-12.796649048391465,-8.672031597530628,-3.1210579933925127,10.390393609092099
2000-05-02,-14.033084318982874,-9.260436589082332,-3.0022727959745494,11.367695658546825
2000-05-03,-14.669576787511161,-9.810494053112325,-1.7704026313743708,10.225020995601271
2000-05-04,-14.071818820526357,-9.43988371143084,-0.6894597193006906,12.778720141250425
2000-05-05,-13.409215513780754,-10.827043681791652,0.3046800538227785,13.147077165905618
2000-05-06,-15.349742075036035,-10.223126254595991,1.2591905328878574,13.874099373285164
2000-05-07,-17.197598566091965,-11.340492695579918,2.418429099572185,12.561791499770646
2000-05-08,-17.85009639700406,-10.513834065884799,4.856090891823755,13.381742234631265
2000-05-09,-17.65171608577689,-9.604942317034917,5.071675005824297,11.596421627626253
2000-05-10,-17.80121570793269,-9.416880755472183,4.616154466136168,12.03417237168627
2000-05-11,-17.13846514698735,-10.285276126619744,5.1395446439593515,13.009142633013987
2000-05-12,-18.941278298477336,-9.38817917045548,3.9582405989115577,13.61552131728161
2000-05-13,-19.50634577299781,-9.588488575661666,3.8996521491264673,13.249730454490686
2000-05-14,-20.70447513815579,-8.231710785032494,4.535102114383468,14.888678366825149
2000-05-15,-18.668276632329917,-7.8345121905843245,6.1218226242801865,14.413035035964482
2000-05-16,-18.218287189868057,-7.4982683744066305,5.049114148079615,13.74135486342688
2000-05-17,-18.54326135743098,-4.899322825416557,3.928261965087402,13.626718853262963
2000-05-18,-18.858105814614223,-4.382352538920753,1.865964772672673,15.236924181231633
2000-05-19,-18.324009322085995,-4.172550073640065,1.4660315461712343,15.497135295347917
2000-05-20,-15.714696263909744,-5.061002583106885,2.18691700917978,16.08163452657628
2000-05-21,-14.953983414982153,-4.310368925866801,2.461577541062086,16.128784616138702
2000-05-22,-14.604043858682767,-5.814281526571568,2.6588793505471022,16.11861073768944
2000-05-23,-14.760399538265112,-6.545872072078052,2.495881319437099,16.808389350581564
2000-05-24,-14.364937503112628,-6.506631910377509,1.9092750770332594,19.11235665573198
2000-05-25,-13.921887339894308,-8.482509680028611,2.1090378401213057,20.329187830578533
2000-05-26,-14.585273402287573,-7.0830793027378744,0.7628891812531666,18.574149120978557
2000-05-27,-15.781796753230207,-6.633912888131159,1.5650930152806088,17.1089914191044
2000-05-28,-18.076357965975937,-6.717575031591411,1.3293736471158364,16.087585743474293
2000-05-29,-19.007124538492583,-7.009844394949884,1.001779423046592,16.114519795624318
2000-05-30,-18.52397461385168,-5.934719711020741,0.11416759323359071,14.859602630998921
2000-05-31,-17.799172141292292,-6.526436077292799,-0.7244828294715876,14.460451261640182
2000-06-01,-16.062945866833747,-6.723563968351653,1.558131769675879,15.764546712415886
2000-06-02,-16.343244999930302,-7.289953547828698,2.214006289538965,15.583692881874335
2000-06-03,-16.408115476353224,-7.446569246747644,3.5334610015341013,16.430221274006453
2000-06-04,-17.307341060465696,-7.770391973159074,4.303084905135646,17.46467424527309
2000-06-05,-15.285073893858538,-7.411200317214975,4.133702709544287,17.936547415541447
2000-06-06,-16.358175775202277,-5.8700691001304675,5.520689411080066,17.05075990977096
2000-06-07,-16.887987627847647,-4.965159909274016,5.476573786732289,18.61133805279304
2000-06-08,-14.681808060660885,-5.237523804520767,5.964458356808226,19.20374182003362
2000-06-09,-13.755356247307754,-4.864725394771853,5.9807457985740085,20.00566057157613
2000-06-10,-12.691605596876716,-5.287198006116119,6.82037054319549,19.655827091864037
2000-06-11,-12.55223001675793,-6.2193315092298365,5.932424194450422,20.163500786913193
2000-06-12,-12.927450705267766,-6.915278530979666,7.0175820442657235,21.60745022151292
2000-06-13,-12.999560541450451,-8.731610298152765,7.178645476301534,21.762579015066777
2000-06-14,-13.321242652632364,-10.482998791675024,7.438408473870978,21.614325245681634
2000-06-15,-12.874809020158441,-11.092123505953765,6.6479184486231135,20.42466361542833
2000-06-16,-13.977170143652291,-10.165233408087234,7.02186898606235,21.84377286067447
2000-06-17,-13.646303931775408,-7.950413162759961,8.420466268127578,20.743684017456612
2000-06-18,-14.746837603234514,-6.085898594248984,9.096399372845703,19.94183631928425
2000-06-19,-13.452427928478322,-5.671252887378405,10.018475082235808,19.295340070987567
2000-06-20,-13.161613113725915,-4.7023930628411525,10.67679657992621,18.212759282963415
2000-06-21,-14.85136473643587,-4.5637987219643374,12.01863311051714,17.534999848491704
2000-06-22,-15.080937333244139,-4.7518407336129656,11.665599091315727,15.822018731899373
2000-06-23,-13.539299479004082,-3.5415767147462285,9.660308849610274,16.229979067753664
2000-06-24,-13.272274862516628,-3.458131326255007,9.507189064961215,15.788406847477924
2000-06-25,-13.775677242037226,-3.4905591340471043,9.116404682294291,14.870887339797111
2000-06-26,-13.793666280439679,-3.72936326705139,8.97589454158609,13.849310088416944
2000-06-27,-12.217941397984704,-1.7202276821170144,8.749316583645204,13.895919453520671
2000-06-28,-11.334325660679275,-1.1654074134268746,9.312755754796186,14.83785139098784
2000-06-29,-10.774120333795628,-3.2346297300935887,8.228434079820321,15.117078955682844
2000-06-30,-8.537239570538409,-4.536175668947635,8.309261146870343,17.460731974264743
2000-07-01,-7.165400448168052,-3.965312590740206,9.999375885865263,18.956946746875552
2000-07-02,-7.0668805645162935,-2.94410231210984,8.818800257668535,18.51111685218544
2000-07-03,-7.620860634654804,-4.497398240432247,8.121261371584726,19.4310758162323
2000-07-04,-7.372846333932212,-4.350777566904189,9.3659576037239,19.327629507709748
2000-07-05,-7.100947717554855,-4.439437117723817,9.659326123088952,18.619104489015875
2000-07-06,-5.650538201041238,-3.5813006689860556,10.917577141213433,14.463367120319731
2000-07-07,-4.724753731232851,-2.0535592890721626,12.890988507863327,12.42702683248634
2000-07-08,-5.192711888179699,-1.8639975415309868,13.004626108017701,12.468326532518352
2000-07-09,-6.783955464345208,-0.8210472258601005,13.13994214634103,13.494926586568155
2000-07-10,-6.612833385180946,-0.1439040538344778,13.71308319214616,13.936087199024719
2000-07-11,-6.12494865132031,1.633053933989794,14.000267248797059,14.75245278133267
2000-07-12,-5.775525248328229,1.6714844947159233,13.837037866868478,15.885641890765402
2000-07-13,-5.725555059531791,0.8437373978932323,11.97350529602811,15.634300617555521
2000-07-14,-5.946728452026992,-0.5116375590994791,12.447877855944308,13.284022767851788
2000-07-15,-6.485357605471302,-0.0702597305941553,14.37074626100431,14.708068570380297
2000-07-16,-3.913163442418518,-0.12733945729021495,12.96306039491434,14.4965759063119
2000-07-17,-4.129849374868171,-0.5038863272708723,11.706323429511066,14.988310742085106
2000-07-18,-3.846029171025019,-1.6413672183766121,11.115105758061315,14.087457361490376
2000-07-19,-4.398227635509346,-0.43584167915013716,12.680792308301081,14.043074136456061
2000-07-20,-4.222456047381652,-0.5868885082941292,11.812441337162726,12.024482116693772
2000-07-21,-3.2470985674860304,1.1772540697612857,11.340213001539396,12.326181361374823
2000-07-22,-2.6707987724552886,0.27405779169942845,10.8892993909802,13.90891996082749
2000-07-23,-2.1748461469062392,1.7833491700959923,10.401805100476853,15.593074514607652
2000-07-24,-3.274596820761445,3.623974065529627,9.179759973504309,15.06574733896882
2000-07-25,-3.18941566570255,3.2133645501573715,9.956027442814976,16.842018782501697
2000-07-26,-2.663795756206653,3.9039223550675506,8.991736478912678,17.01024198397694
2000-07-27,-2.2738957509570814,2.085840878619975,8.109412578056759,17.685210135686656
2000-07-28,-1.766870055292221,1.0454547841085269,7.499983812794547,18.187985995188978
2000-07-29,-1.1014911987046747,1.2172721675494116,8.672852911260078,17.488883404658008
2000-07-30,-2.0508564038757537,1.31574893232791,10.18593465818861,18.420349926746898
2000-07-31,-1.8982788923953087,2.9657040934844243,10.97135280276139,18.25203169847943
2000-08-01,-2.310967965187773,2.799717582162237,9.893014453747673,19.08677478509308
2000-08-02,-2.319402446423347,1.4727017797940922,11.592047481772472,19.13115142885524
2000-08-03,-2.049956207599632,1.6756188211733667,12.074391717851123,20.589876825400378
2000-08-04,-4.860694400515282,0.6144578424353508,11.883303055701456,18.91451835124647
2000-08-05,-4.072998477161193,0.09580525902008241,12.788938796386155,19.46507715591852
2000-08-06,-4.02651861792689,2.2697246553739214,10.320245373991956,18.32070643308613
2000-08-07,-2.9148118487103143,2.17173089426484,11.131379958684493,18.60365288398034
2000-08-08,-0.49517622397616323,2.6922933365706925,10.180487316490927,20.70849118901853
2000-08-09,0.2074236236232534,3.8863564512900735,11.513662453037169,20.1430961309802
2000-08-10,-1.462295727013932,2.372543547551002,10.715081981073727,22.13869377737077
2000-08-11,-1.3877422925125964,2.4884798985651164,10.987474950499795,24.754147538023414
2000-08-12,1.6521346834584028,2.708444714923028,12.4447092445915,24.18356751343308
2000-08-13,1.7723513858691131,3.2080421717740415,11.722680295488766,22.75561954329699
2000-08-14,3.2523940156507236,5.266419222396927,11.330800934217688,22.674190088291972
2000-08-15,2.99017081266937,5.189136158340523,11.111875020181424,21.981070201698298
2000-08-16,3.664295254817374,5.50148564495537,9.68960092220383,22.116000794685853
2000-08-17,3.6139274102371264,4.933984237412195,8.055920209936618,21.42933149520219
2000-08-18,2.800951631140377,4.33537593255177,6.217372108233108,20.507231760079833
2000-08-19,1.429480784770724,4.467730201208952,4.86979694833519,22.657084966969723
2000-08-20,2.4107271922577453,3.4871627594782177,2.518459125761698,24.28160175000882
2000-08-21,1.971314195581933,6.1978570617349975,3.559183907797096,24.99643586126911
2000-08-22,2.5981702762514303,7.734869628318078,2.4086146887901476,24.752562423378915
2000-08-23,1.6239696389737572,6.768249420107642,2.1121615742146607,25.640443004836357
2000-08-24,1.5533254006599098,5.429502685757973,4.2856588503248485,24.459411906627874
2000-08-25,1.7774247892454202,5.38627636097449,4.220764356610157,24.280583837838254
2000-08-26,2.5912647571344243,6.548204890407288,3.659229504737326,23.95164864173233
2000-08-27,2.819037120845822,6.529056715146641,4.967740986373397,24.735527245959442
2000-08-28,3.4423323441686344,5.798708328401096,3.680764889953907,24.997618046004153
2000-08-29,3.6868585759165518,6.837446608633432,4.327164847275821,25.56373188760169
2000-08-30,2.9166240609202303,6.7855332514655,5.83864314117668,25.109055982607362
2000-08-31,1.551784813159972,4.882462240912368,3.031829825439942,27.52155708548971
2000-09-01,-0.140806033972811,5.634518970824904,2.677529717531944,28.45611239629618
2000-09-02,-1.452197578352124,6.337005612564643,4.522484002898542,27.971859116682356
2000-09-03,-1.8735110338329402,4.448974147544196,4.500212831853871,28.151865573102437
2000-09-04,-0.4337759786618789,5.22336822886895,4.495552190856043,29.322217267379564
2000-09-05,-1.2190822161513952,4.887455200655257,4.023144131845266,29.491427298925508
2000-09-06,-2.4453201947029575,5.576116486376832,3.229100847250425,30.110059686263323
2000-09-07,-1.9563254159145054,5.755732327449502,4.29538403137867,28.97924209574235
2000-09-08,-1.7746031143761414,5.235730965512181,4.925821569278379,31.062369633988194
2000-09-09,-1.4897126398048295,6.023444841985236,5.5016497269356135,31.074463929511417
2000-09-10,-1.4482766689580706,7.856498888099631,6.621753660365793,31.880818266939972
2000-09-11,-2.2564495113946874,7.7835368236334785,6.173732331077904,32.153218510087825
2000-09-12,-2.021239869656898,6.08848928019049,5.6627537307672595,32.53278046307032
2000-09-13,-2.483093096258363,5.68720591564404,6.225194892103836,33.45221944736269
2000-09-14,-1.8496248745860515,4.780123458736828,6.617818295618485,33.404937413675164
2000-09-15,-2.4665382505237776,3.723017621552059,5.289678446944084,33.55592580234541
2000-09-16,-3.090521532208817,4.559675303832107,4.698857875477135,34.76297676755948
2000-09-17,-3.4857827741215726,3.8465601269941696,5.6375068222064675,34.492201080769206
2000-09-18,-4.009102397534584,2.989677728430836,5.78138766757444,34.77356629843842
2000-09-19,-4.627362449324353,2.921402029691576,7.441666207968833,34.82493697442843
2000-09-20,-3.8424736041373957,4.513891924600662,7.923478286716273,34.848187037198926
2000-09-21,-3.009185046169109,3.293482270575658,8.333204906863779,32.17805683531191
2000-09-22,-2.9739983587120022,2.5494555669298538,9.100544802391346,30.789751575146536
2000-09-23,-3.9228087108852487,3.01755739306311,8.81629429489553,32.0383388490153
2000-09-24,-2.708538151244193,2.057450228691602,8.77378418481213,30.685989898658548
2000-09-25,-1.8173115900295942,3.121782882660021,9.092675174099673,31.081581423768935
2000-09-26,-1.1181151229761728,3.5819212112306666,9.380872075549798,30.715172600224943
2000-09-27,0.5419413959789983,3.8185520393104153,7.7116337430098,31.525027619639072
2000-09-28,1.6419533368622419,2.5791424836142687,10.609671204550134,31.057469640090815
2000-09-29,0.48018969372431464,4.525352540776177,11.375330241438254,30.534132262429893
2000-09-30,0.5961294855285892,4.181433515576617,10.598715883984447,31.09818019841482
2000-10-01,-0.5158713765720031,3.245608937215962,10.228134825442831,32.28977076725175
2000-10-02,-0.24577204920453827,2.623054597838823,10.701915410726494,33.214270043632645
2000-10-03,-0.7192260574804308,2.5685488416325075,10.598670789619401,32.43018929717751
2000-10-04,0.4346758890289877,1.9878223711768972,10.808544837508675,33.13832252060375
2000-10-05,1.834573108671195,1.4895115071875784,9.954825451155584,31.541574800665476
2000-10-06,1.5267272180399698,-1.07974988894563,10.544875248397286,30.71994833651591
2000-10-07,0.09260556990122759,-1.6006344323883588,9.778041681885231,29.681347543732052
2000-10-08,-0.6549034828143272,-1.5844577653469438,10.623586014061411,28.19887031402804
2000-10-09,-0.325014219935118,-0.0867367845495306,9.78632327013457,28.959758636755836
2000-10-10,-1.9408106368075153,-0.20734415850335242,11.376552447437783,28.130276710257615
2000-10-11,-2.702585925668515,-1.0623781468282907,11.17608660311442,28.719699487673473
2000-10-12,-2.1405503088074926,-0.5796102809495587,9.905254062477372,29.87887416565979
2000-10-13,-3.224727813377548,-0.006500453751223656,8.380694132846303,31.177456055850968
2000-10-14,-2.904735976524529,-0.45298828784112666,7.586845499152562,31.426925562379257
2000-10-15,-3.748602941135938,-0.9217557210802132,7.599966303982268,31.389943922144877
2000-10-16,-3.185093834147106,-2.4995030112893524,8.607334549529217,29.246737849891026
2000-10-17,-3.074784274984312,-2.671222402342658,8.314784129631816,30.810020942730542
2000-10-18,-3.3795789534765337,-5.42500118946964,7.778646394742334,30.006962793234422
2000-10-19,-3.0933094721949437,-5.772600376899433,7.711302434274383,30.63477831751177
2000-10-20,-2.962054507727572,-4.518407616442511,8.907804319594796,30.36823598730769
2000-10-21,-3.173669427130951,-6.992499075782927,8.573308360754229,29.89163111037996
2000-10-22,-2.6507310963295234,-8.638808819787446,8.183620961646199,31.752200435284152
2000-10-23,-1.3067501668907875,-9.498434604670443,6.673277547699962,30.74133233684135
2000-10-24,-1.4200901090853189,-10.185986499762919,5.805524047766134,30.60505926469173
2000-10-25,-0.42390953609840987,-10.496504559593522,5.722923599855145,30.32116548713275
2000-10-26,-0.2149220812388879,-10.713447588636742,6.833533550670973,32.430083748265695
2000-10-27,1.1557887253010863,-12.102264394496885,6.330888034645736,32.08768350297587
2000-10-28,2.225227070520625,-13.463198779952995,4.671924920169789,32.73772753986353
2000-10-29,1.8994144976625744,-13.984316833218278,3.7051953026829203,33.139850125835046
2000-10-30,3.308002015706645,-13.817379228678332,4.473854521265981,33.15230563543803
2000-10-31,4.182934906448545,-15.210969383559894,4.675180452083699,33.09393913879002
2000-11-01,2.9330921329536883,-14.499303249713488,6.0804683487462,32.28686265929091
2000-11-02,3.1844506150038527,-14.199091405352076,6.702280104468807,31.307042009027384
2000-11-03,3.122171070993131,-14.580717411549893,7.818590955315177,31.330535173478133
2000-11-04,4.944360200360238,-15.573244023178768,9.162948760978367,31.829425919345923
2000-11-05,4.584283180992178,-16.232757770508638,7.141130190945319,31.185927654398263
2000-11-06,3.2742060455555073,-16.272440725741212,6.432455168068389,31.658442062561438
2000-11-07,3.1576925642500626,-15.322207929591544,6.9615210337997695,32.78335223220785
2000-11-08,2.0394331761888536,-13.386124140135893,6.505966890843635,31.478025182466965
2000-11-09,3.841590753817891,-14.10836159182738,6.4494994033254915,31.71227556238973
2000-11-10,3.891394326669795,-13.543501851491,8.023599231113266,31.928972193073978
2000-11-11,3.491745631478457,-15.214216793426514,9.637706005550319,30.80079588567126
2000-11-12,3.950306937762365,-16.367400884628587,9.152185090230343,30.825927520328293
2000-11-13,4.424067585588258,-17.636386566081146,7.9854110551530315,32.22901227485667
2000-11-14,4.606947250863187,-16.152784288086863,8.348205139009385,31.938273782966277
2000-11-15,4.140189165481796,-16.28658904434282,6.51580806944574,32.91898692689047
2000-11-16,4.623384348248109,-17.89942143657514,4.8461375722707025,33.227911318479556
2000-11-17,6.191757553323859,-16.908352162654356,6.648207467924655,31.792025104394188
2000-11-18,4.94508308397906,-17.692870403508373,6.223960376610291,31.98479978472666
2000-11-19,5.765167164204268,-18.73809901920501,7.701713010452349,30.60053633622509
2000-11-20,4.713847018646348,-19.536898626368455,6.80288862629791,30.15149106898984
2000-11-21,5.531671673657493,-18.90663977763827,6.485629722030711,29.186331851725477
2000-11-22,6.855841402760342,-19.57550695142385,6.843201477629415,30.17461300245186
2000-11-23,6.581943169603776,-19.304379754961072,7.3926825614519895,30.141874547156124
2000-11-24,7.909155637229903,-19.291272218134957,7.089863969510025,30.546225804323633
2000-11-25,5.871060187482613,-18.45821403790054,5.141494734358534,30.564951252819412
2000-11-26,5.390412151503309,-18.145343354329555,5.34199871510606,30.286607342591502
2000-11-27,5.3916475799906625,-18.728840155860198,5.848730744452582,28.839312589324464
2000-11-28,5.451178118960146,-18.072984614434066,7.214716718885773,27.44800868233318
2000-11-29,4.3820793579879265,-17.933430833273217,8.15911095999702,27.478089492664022
2000-11-30,4.155355905453898,-18.99425479652784,7.638993831195888,27.554165436953937
2000-12-01,5.123091289005293,-17.59525212598793,7.182241734038948,27.940365062012038
2000-12-02,5.05368449830132,-18.241909515090487,7.143559938419808,28.241620097629088
2000-12-03,4.332899213668433,-17.63793539676013,6.296582486813016,29.59094017192292
2000-12-04,4.419172414163958,-18.483132923742694,5.751940297130733,29.99748722682396
2000-12-05,2.710829352449596,-17.56601247328536,5.448051940425248,30.946637937344924
2000-12-06,2.9544487345323422,-17.133184630156375,4.363325513368085,31.38467423821467
2000-12-07,4.259198535128029,-16.404492277661806,3.5336140224135772,31.8859456529041
2000-12-08,4.969632563409213,-15.242945799271062,2.2721422237730335,31.32571254804295
2000-12-09,5.2313435212313015,-17.43654858297618,2.6925807484977438,31.112578312441784
2000-12-10,6.685531707178301,-15.995672869229294,2.6174560461205245,32.7017725349823
2000-12-11,5.222224884865835,-14.43162766710372,1.966201451376521,32.18325412008278
2000-12-12,3.3779434700990434,-15.66186707031986,0.5430281678814382,32.72353117620086
2000-12-13,3.8121863281967645,-15.607054217729535,1.2817730306289956,32.73637436560838
2000-12-14,4.678095353080694,-15.346761256862166,1.018465061270597,33.44153963485432
2000-12-15,4.442187333696604,-15.855322905504726,-0.05668182585690462,34.79320715572592
2000-12-16,3.8667059676162827,-13.738316275079953,-0.7727396079258759,35.002018370538785
2000-12-17,3.240358190029961,-14.821617605502055,0.6497173461426762,34.92032456975606
2000-12-18,2.700545793247417,-15.377631721179537,-0.01842475489667228,34.52765492090826
2000-12-19,3.1590265726757725,-14.572144151929166,-1.0148434876007582,33.01364688496622
2000-12-20,4.249689913678745,-14.79722550045426,-1.4887172843268826,32.83765406427032
2000-12-21,5.11467897142907,-15.943681747049153,-0.8487479141619065,32.49314668098036
2000-12-22,5.031306132122351,-15.579400960743682,-2.1746234143445506,32.439731865637555
2000-12-23,5.152717975626917,-15.596864248050421,-3.6920353435986923,32.993867728845906
2000-12-24,3.9291965220126186,-16.141710460238052,-5.402005939106932,32.228136658123894
2000-12-25,2.510135759827345,-16.926557275242672,-4.290836546927465,32.05300737780058
2000-12-26,3.397093705257358,-17.352565575730683,-4.7863432851279475,33.25403988315978
2000-12-27,4.895278485706113,-16.88654924187586,-3.220260662946046,33.653461161871306
2000-12-28,5.091394540156434,-16.36562724488638,-3.749478680874514,34.49972172687261
2000-12-29,4.864462267876242,-13.938580206612553,-4.008790128285076,34.84539652966378
2000-12-30,4.356590585473873,-14.761677311009265,-5.1524192589075195,34.57818910788873
2000-12-31,3.8669158234502303,-15.05001566596132,-4.311372319440107,34.97028783732377
2001-01-01,4.823922442250882,-15.313497421882788,-4.5115571754494015,34.893084487012516
2001-01-02,3.923986883616851,-17.743581239585186,-2.6836697736255375,34.670421973930964
2001-01-03,3.39640264942407,-18.425863178623448,-2.937117726981019,35.67394690866801
2001-01-04,2.333956215508092,-18.270849283195957,-4.344356907030424,35.76664808594465
2001-01-05,3.9882618446520737,-18.876987268991094,-3.1707668213478044,35.90622185849424
2001-01-06,4.7278363357831985,-18.196112921296827,-4.679352768129218,35.83673969209499
2001-01-07,5.779893885308387,-18.65036996994975,-5.425533329334561,36.80713682149258
2001-01-08,4.589205055151859,-18.57100732309801,-7.570703965740324,36.10046083537614
2001-01-09,3.9465213202259535,-17.621485908186205,-7.878864465530773,35.20488610787394
2001-01-10,3.756496715382833,-19.1413343744163,-7.810179985334012,35.819584301174125
2001-01-11,5.799833429521742,-17.86135269449722,-6.652200262781753,38.09981094934231
2001-01-12,6.367579289897954,-17.998987855126728,-6.466907988043665,38.1850135386848
2001-01-13,5.677531063909526,-18.616206864538075,-6.083654484718247,38.101901875840994
2001-01-14,6.735857872499195,-18.26906360892707,-4.589285266634169,39.359820912419615
2001-01-15,6.704352620077672,-19.08943331455251,-3.8267223940702575,39.132314726412886
2001-01-16,7.397863485674569,-18.950580595513312,-1.799886489936437,40.057293956888884
2001-01-17,6.882385072019463,-19.253391785558012,-0.8377869329208204,42.6447668904465
2001-01-18,4.381934283639406,-20.499935218825776,-0.29832909308838185,42.93841105756854
2001-01-19,4.748291143723682,-18.80901514055567,2.2704410984303647,44.91475928554677
2001-01-20,5.751609524387046,-17.31488728153112,1.5776094491004158,43.08353797946281
2001-01-21,6.424072126526908,-19.816074526105552,2.855500825867894,42.46773878804741
2001-01-22,5.581563380549856,-19.05871494944203,2.4673815034174584,42.82580192228605
2001-01-23,5.46792749585902,-16.84106334158421,3.6574874338285923,43.42047129314133
2001-01-24,4.3399849504198516,-16.527735725020484,3.471242905866777,43.24793306780655
2001-01-25,4.516952732628212,-15.155111346964354,4.267933084878759,44.81306223976607
2001-01-26,4.534330036205806,-15.734811865975601,4.616807232244588,45.128953167179795
2001-01-27,5.000209928994207,-17.1336723978254,4.115980708527456,45.76190465786261
2001-01-28,4.840520872155712,-17.33593151101693,3.3995381641309113,46.55462704287014
2001-01-29,4.2845323829853665,-17.591677352627286,5.892983878824809,47.659028631079906
2001-01-30,3.3508327420340263,-16.289905087442264,5.600242795170368,46.606103626135734
2001-01-31,2.238727099652896,-16.036892093069405,6.277040800354781,46.59133315718181
2001-02-01,2.448150747520748,-15.28332475446185,7.141572503286271,45.18786862871872
2001-02-02,2.9231989292437874,-15.81735494713728,6.560842165424178,45.10532595095526
2001-02-03,4.354613572337209,-17.227708638353104,6.5939934385264936,45.35267322064183
2001-02-04,3.1465377297874513,-18.001119132936342,6.363726690425269,44.48022243094999
2001-02-05,2.9969620529341627,-18.16862340485718,5.35538222352703,44.514675455287986
2001-02-06,2.6425996555976123,-18.072710409636173,5.722976558499111,43.95869009480059
2001-02-07,2.205907517645394,-18.184993496384344,6.043769288502283,43.69820138773367
2001-02-08,3.317641626588049,-18.234069067516895,6.678165778464022,42.86985337610515
2001-02-09,3.246692078951286,-18.004731230335228,5.597436846622055,42.539128873487805
2001-02-10,3.5312163501774645,-18.084233089817886,6.329027555092857,42.20915599985473
2001-02-11,2.855650487262877,-18.03819051160439,6.35470309595775,42.72826083296065
2001-02-12,0.8191971636115687,-18.330368054842275,8.140629018513751,41.564595434198786
2001-02-13,0.7413412906311919,-17.274484433880684,8.544536303814258,42.96908149852007
2001-02-14,1.944024377242644,-17.128378395439526,8.200531495214385,43.49066633361605
2001-02-15,0.9380909033767935,-17.491270445533857,7.76508367283925,44.048329796399734
2001-02-16,0.34685403936212766,-18.099819425730967,7.5681415385762625,45.691884578052765
2001-02-17,2.095213314169159,-19.351058917974353,6.856470727284823,47.97338146226263
2001-02-18,2.896539184572286,-20.16534016813532,7.371143265936048,46.10014735357004
2001-02-19,1.5649099299942493,-18.570603122173633,8.752849635987811,46.314193893942566
2001-02-20,1.523235405653026,-18.34775709374075,9.022243490394546,44.92270274901985
2001-02-21,2.6183559216733894,-18.085025612922735,9.319415987083142,44.39527460867645
2001-02-22,0.524375033049322,-18.162597654829536,9.197558465311973,44.36156813579781
2001-02-23,-0.4427326963254995,-18.51770035042825,9.454780953927814,43.20491624687979
2001-02-24,0.1317925450343973,-18.558393143367848,9.882604445865812,41.983627248135434
2001-02-25,-0.038962122634165514,-17.44378503976949,9.98714308682331,41.730037204908434
2001-02-26,-0.9287596862955747,-18.241318968260927,12.095093523553434,42.37814709499255
2001-02-27,-1.6623592316084088,-17.091998198812053,11.640212742082442,42.5322332116293
2001-02-28,-1.3466189948519203,-17.862233866782045,11.997346741730286,42.20336635956674
2001-03-01,0.43033464767516794,-17.374916555130316,11.067755820055062,41.92241965384889
2001-03-02,0.35430971634785624,-15.293728752130551,11.191955612531553,40.89365992673164
2001-03-03,-0.4407977926442216,-12.566149584479655,10.943143415203387,40.699032104159414
2001-03-04,0.13634690496325175,-14.06217234476919,10.768348863449559,41.740932570487544
2001-03-05,0.9824871720473523,-16.494319038572904,10.26643836420934,41.09983251870226
2001-03-06,1.417196500659172,-16.581003170413556,9.366457258995348,41.52086212847085
2001-03-07,0.8150650359586946,-16.8956203287295,9.466166852998631,41.69392133509411
2001-03-08,-0.41498264633259097,-15.96033898513236,9.52759136595185,42.85117895665232
2001-03-09,-0.42050687756967353,-15.82442160849494,9.75786666283945,44.111740339141264
2001-03-10,0.5879187239463287,-15.936238477365016,10.41780866935037,43.9755560287295
2001-03-11,0.3378925435214207,-15.425358524362863,7.403552728717006,44.38963288452392
2001-03-12,-0.10563678099142837,-16.119785425083904,6.002812276563208,42.31585157541027
2001-03-13,-0.04503442935270439,-15.851685260107638,4.704147899843039,41.6228607750889
2001-03-14,0.29597864340961466,-16.21958245903637,3.031838417854857,42.74883159719006
2001-03-15,-1.3534926966415695,-17.568455831724684,2.3756168668512507,43.583185029396866
2001-03-16,-0.5589675923029459,-18.154952823688255,3.796222442050456,42.47486756506683
2001-03-17,0.520532556135814,-17.029689774355433,2.7459337056337776,42.7787999282728
2001-03-18,0.5522682641393606,-17.208500902119802,2.71533170328449,44.21665741398025
2001-03-19,0.7721820872729342,-17.53144931113853,1.9198296683615517,44.48532731068097
2001-03-20,-0.14417550867707074,-17.360589680746777,1.8110755479980354,43.07606675533634
2001-03-21,-1.1548171803516198,-18.27933977301732,0.7450592167298717,44.183981232434846
2001-03-22,-1.5814454897986325,-19.043301348549054,-2.398688695901283,43.966271875372264
2001-03-23,-1.2463612072143655,-18.890392900906136,-2.5494669135391104,43.34201026189374
2001-03-24,-3.1902841666129182,-17.953603746824683,-3.0878312675024198,43.272775285247164
2001-03-25,-3.9449920736456234,-18.867116920987005,-2.911017440166675,42.338552596469675
2001-03-26,-5.235163481307742,-17.67341210311106,-1.8158726646209686,42.62368314502031
2001-03-27,-5.832154459982649,-18.466845189396416,-2.4365371836452177,42.83392895741331
2001-03-28,-5.75108803634425,-17.685778310193676,-1.8057223988817372,41.772543666600185
2001-03-29,-6.119815978585452,-17.651874045315523,-0.9950239071707416,40.891511656585244
2001-03-30,-5.912746284289747,-17.821394174331818,-0.6796159115183351,41.18399369041066
2001-03-31,-5.433577245978449,-19.864417228235386,-1.2941576237621393,41.28605046448858
2001-04-01,-5.661294566875882,-18.68735506852654,-2.253134862717053,42.22649821195223
2001-04-02,-5.617081263235304,-17.180566718840257,-2.4172015088881356,42.254505628783704
2001-04-03,-4.936346797762471,-17.94398905361519,-2.5405436691428167,42.58054913838064
2001-04-04,-4.135386434536055,-18.538155360008147,-3.2099371913449994,42.87769494714278
2001-04-05,-5.78193981916672,-20.89265865457577,-4.428336480341607,42.27951415893669
2001-04-06,-5.467602320492026,-20.76524224459762,-3.2905069119225114,40.919424747307296
2001-04-07,-2.530849709209873,-21.420723322961933,-3.240869570002147,40.08054878771037
2001-04-08,-2.2731104210488398,-19.91219652244003,-2.1986657186231175,41.08537034040749
2001-04-09,-2.468817017021287,-19.72784527258261,-1.4902545237144504,41.511041378260224
2001-04-10,-3.3344728701621427,-19.30910598042619,-0.48475391325875195,42.5575914928069
2001-04-11,-2.2690585959795087,-19.682145914414637,0.7836468245589534,42.98737128132578
2001-04-12,-1.560376853674272,-19.532797161973637,0.3463293956717392,40.96349996013448
2001-04-13,-0.785221698807526,-18.51926819145316,1.075298933684723,41.483042051750054
2001-04-14,-2.215366694028458,-17.90232578870555,0.04500107608004367,41.182413914317316
2001-04-15,-1.877194768976627,-19.041552542324165,-0.8578971389634872,41.81805469959096
2001-04-16,-2.426338121704731,-18.96480542443136,-0.5329457324267619,42.026374966623656
2001-04-17,-4.51295799822355,-19.372862365536204,0.05521104308321778,43.47520048520483
2001-04-18,-2.5723263210895073,-18.79773766639787,0.14674219097689972,42.74301038240632
2001-04-19,-4.928853048289032,-17.38366650103812,1.405224387239895,42.151349282832655
2001-04-20,-4.750374394775877,-15.880592921796405,1.2933154625492502,43.45552690218972
2001-04-21,-5.929086887294068,-16.59613753897126,0.9962322634977048,41.95402003563973
2001-04-22,-5.359437099769267,-17.783474058023494,1.31759231478495,40.83136190077243
2001-04-23,-6.0445039951374255,-18.13359332628632,0.021501713361564256,40.69677346028708
2001-04-24,-5.708507094991384,-17.90048275554444,-1.0043076928905237,39.77429857318155
2001-04-25,-5.379381816610949,-19.653007174523054,-1.2721128144786582,40.13446805423069
2001-04-26,-6.009396495284975,-18.8207167298543,-1.2363941657007762,39.571835926666715
2001-04-27,-6.8039312713422495,-19.296753946223653,-0.8911802753952844,38.54864338866565
2001-04-28,-8.152340436658763,-19.790030094723786,-0.02537877070860306,39.16646556285531
2001-04-29,-8.500715448753665,-20.140179850195064,-0.2559429497796979,40.76328954068173
2001-04-30,-5.165798765268795,-20.40456672412844,-1.455796401993305,40.48745766762731
2001-05-01,-7.22995319557978,-20.283197559639174,-1.2301894921786485,39.94248398354366
2001-05-02,-7.199802509859657,-20.55791679474798,-0.31063626022652346,40.586214227396766
2001-05-03,-6.229136866450931,-19.88725028671003,-1.0609291607658617,41.714898070233744
2001-05-04,-6.459128893183457,-19.114224933712155,-1.7497436043785828,42.84910015603066
2001-05-05,-7.438355979772486,-20.393416450415828,0.14771851423403226,41.8843243581401
2001-05-06,-8.4601856653456,-18.61072120079851,-0.16202409300720777,42.21108370837848
2001-05-07,-8.190455740199036,-21.6186700642087,-0.8253579569102625,43.252080949913214
2001-05-08,-7.1168802194230585,-21.94081334174007,-1.794242195147413,41.992632825642104
2001-05-09,-8.689817973856528,-21.373192535237667,-3.0969669349881874,42.4525145666363
2001-05-10,-7.746713145738948,-20.970348223249275,-4.237363246622751,42.0658635421455
2001-05-11,-8.02311418136988,-22.319282525797675,-1.3068377166923373,43.52749690766102
2001-05-12,-8.823784808949899,-23.142760157376877,-0.7369792658209522,44.226667159628924
2001-05-13,-9.109123316544602,-22.162873067876404,-0.5025987295777654,43.23151929990119
2001-05-14,-8.334303212348638,-21.97840361613124,-1.1849046025006877,42.2131459180926
2001-05-15,-10.19848230346004,-21.624376338142664,-1.1504808942383293,42.37560137020795
2001-05-16,-10.361016699579814,-21.82670180964716,-0.4009432254275642,43.67567633881613
2001-05-17,-12.557925705168781,-21.948613904130873,-2.0809439419551725,43.23034353442587
2001-05-18,-11.532435227213576,-23.022158546266212,-1.3659879967456052,43.19362249538641
2001-05-19,-10.1624052375171,-23.753691672832534,-3.4323277754491746,44.65116417505983
2001-05-20,-10.98976975502945,-23.166691211441822,-3.8749102612923862,46.2605401929274
2001-05-21,-11.019730352322393,-22.869261271749075,-4.305952243262724,45.66596275228285
2001-05-22,-11.763020406209158,-23.835725345978084,-3.320771836177504,46.39917706112067
2001-05-23,-12.169590736769534,-27.017100627804364,-3.772736239343631,45.83922903127491
2001-05-24,-10.921903441704174,-25.949539297397948,-3.539948587868061,46.06701293069078
2001-05-25,-10.846506451889994,-24.180672813466668,-4.103630105034762,45.98301101981073
2001-05-26,-10.410045045879892,-23.612727069599227,-4.763210530445085,45.67759346123351
2001-05-27,-9.825065236367454,-23.33570505682331,-4.833494928464779,46.204454783845804
2001-05-28,-11.140455770484722,-23.072077591492306,-5.143223610000225,46.255296517502686
2001-05-29,-11.4759456164141,-24.765509747905018,-6.045609025328447,48.02177973473182
2001-05-30,-12.435608119113388,-24.374938881928234,-5.756931403499597,48.29447160609872
2001-05-31,-11.026607044546319,-24.093949152974513,-5.7266937798544175,48.30050667329073
2001-06-01,-10.676693317531791,-21.964132051501597,-4.502765095656458,47.60120317619471
2001-06-02,-11.981876697404637,-22.507770820221786,-6.71300129989578,49.694986982502584
2001-06-03,-12.711632370781503,-21.436272906675985,-6.782654607471861,49.52256195538867
2001-06-04,-12.299597777019548,-20.684090132745624,-8.285153047076278,49.420844679708146
2001-06-05,-12.852398073942204,-20.774702077341832,-8.739681969589313,49.665829187114966
2001-06-06,-12.821153266684105,-19.362513247197302,-9.96719759644455,51.570687164165015
2001-06-07,-13.138535501097518,-19.038979175036772,-10.31280246017162,51.561272827236294
2001-06-08,-13.870611436436622,-18.75343665215003,-9.000978321069722,50.899797122078795
2001-06-09,-14.292207043307137,-18.35933510387927,-8.921180919933075,48.861349289835815
2001-06-10,-16.134555659557268,-18.7263241773794,-8.366801387124408,47.85904288597681
2001-06-11,-16.148213692854274,-19.064848321307174,-4.681727646165742,48.42589544793373
2001-06-12,-16.486434860220466,-19.062743560434107,-4.856149550355879,48.79154852087995
2001-06-13,-15.022712265580848,-17.964549054760433,-4.342669938283417,49.40111374625003
2001-06-14,-14.333540328247706,-19.31541612503676,-5.196902522773138,50.19248042569871
2001-06-15,-15.164708886591521,-19.756379621280438,-4.9838199526547795,49.423383234133844
2001-06-16,-16.51197839046978,-21.190860694764805,-4.835371701165806,49.63932294655425
2001-06-17,-16.441859961606166,-21.39574659322457,-5.008121502722862,50.526139554086754
2001-06-18,-15.542829599993999,-21.19035667494274,-6.165349688744042,50.24377739768443
2001-06-19,-15.884165426135683,-23.173341995068665,-7.5264068207767645,51.06685283111134
2001-06-20,-16.185094847100476,-20.107964443544017,-9.17199853125555,50.815880520333785
2001-06-21,-16.15489071297628,-20.342578469702566,-8.369184866615223,51.49907413144257
2001-06-22,-17.616567122487325,-20.758859478864462,-9.168536486135704,53.03464824808785
2001-06-23,-17.209966145544847,-19.108934245374744,-9.04896224706194,53.10656395742279
2001-06-24,-17.64237782192477,-19.95901725787545,-8.501762400568579,53.726909984378366
2001-06-25,-19.255707060497798,-20.34010807402282,-9.113696244386494,52.49666308281816
2001-06-26,-19.20132471994596,-22.2190497121956,-8.28329307296671,50.908042382355056
2001-06-27,-17.758727083749687,-20.515628080369513,-8.085077125445384,51.71863200980237
2001-06-28,-18.22790831535547,-19.569750985689797,-8.454580287832009,51.78484563348397
2001-06-29,-17.64447997279523,-20.38768610970584,-11.484411975532202,51.82857755120255
2001-06-30,-19.02465714449914,-22.125140347845424,-8.730044588719554,50.361366883694316
2001-07-01,-19.676935614846034,-21.856276362872823,-9.71733614157134,50.408151237473824
2001-07-02,-18.78475700467254,-21.960999074172754,-10.02748429581708,49.961582452252635
2001-07-03,-18.127058508759216,-22.711039160447253,-9.674857429157424,51.04358466003539
2001-07-04,-17.121262024796064,-21.57904965285572,-10.322041774808818,51.95093221221503
2001-07-05,-17.098262213638627,-22.509603561176306,-10.445855615940214,51.43082709470945
2001-07-06,-16.070140230078184,-21.556177597335633,-9.279638453759738,51.02682609680514
2001-07-07,-14.957666700993892,-19.50946519533592,-11.244083037918267,51.85642723318595
2001-07-08,-12.233422564202488,-20.02255579850442,-10.799172590785123,52.628972204224006
2001-07-09,-12.131129008096982,-19.292022296798972,-11.79711903127062,50.926851616868454
2001-07-10,-11.755062506349919,-18.65540464068306,-12.437481613608997,51.707681853165845
2001-07-11,-11.92276063918119,-18.737546475533087,-13.22971312049718,52.037325112824526
2001-07-12,-12.865437153635567,-19.02136282967994,-12.950229360197605,51.06725929734966
2001-07-13,-13.30374302146311,-19.38371673861026,-13.070156315489141,49.642452873347956
2001-07-14,-12.973001922185016,-19.259563421300687,-12.644972659286617,50.42311698403606
2001-07-15,-10.726582636467331,-20.541123765083125,-14.302279971607039,50.57651173686867
2001-07-16,-11.275467979315474,-20.43310293861129,-15.197135110497838,50.7906061129751
2001-07-17,-11.549179892618227,-20.720369553738077,-15.569716241256776,51.465284458018495
2001-07-18,-11.384392056162497,-20.40987490723316,-16.388510430195844,49.13148967646055
2001-07-19,-10.896109069869077,-19.560467737564384,-16.796182763110227,50.142046207588606
2001-07-20,-9.91683393152718,-20.10313038842352,-17.0272423233991,52.50393295624224
2001-07-21,-7.921179206180967,-20.07881150720397,-17.761566029850496,51.568414906124914
2001-07-22,-8.201207413395139,-19.855071183938968,-20.043626525281667,52.74727999089933
2001-07-23,-7.907360945658034,-18.840202720737445,-20.125586467771566,51.614033994395726
2001-07-24,-8.223885136836735,-18.659337812056567,-20.868826146060346,53.575163699821005
2001-07-25,-8.758417284344825,-19.992205900551525,-21.564786057090817,52.74854215919938
2001-07-26,-6.964142643993905,-19.410269449755553,-23.586191458846265,52.776965120775614
2001-07-27,-7.09958080280512,-18.99533168364912,-22.428486713683952,51.781658219804434
2001-07-28,-6.3253777155691795,-21.612489861117986,-21.22684844136575,52.338108741499134
2001-07-29,-5.71445551278057,-23.546385432159823,-20.655320622008787,52.473259143806615
2001-07-30,-6.986890457857602,-24.41110440006456,-20.636594455739665,51.22589121578041
2001-07-31,-6.899197597397692,-26.735847664306696,-20.453960681843075,52.12430204769655
2001-08-01,-6.393421314986938,-28.12428550136649,-20.234231755007894,52.27967092499714
2001-08-02,-7.335087271347169,-28.396240419957337,-19.80192853054616,52.98234751972668
2001-08-03,-8.117968436838627,-30.660017471055404,-19.39690201751762,53.049512843225024
2001-08-04,-8.365510924768088,-33.261202565918104,-19.53783436417916,54.38639539178443
2001-08-05,-7.42646601491459,-33.64145992364825,-20.601283994251013,54.44184137016001
2001-08-06,-5.963647960239651,-34.4337517460449,-21.397419542704572,54.37856415155315
2001-08-07,-5.245295422266606,-36.721318974972625,-21.790345317744787,53.95604671054643
2001-08-08,-6.408417312059329,-36.14066198491284,-21.474523837906453,56.399563518826845
2001-08-09,-5.007000828494238,-35.700635475140075,-22.034940530680764,56.76557696407886
2001-08-10,-3.056333632984856,-33.68911762194806,-23.591857018886632,56.06753684980258
2001-08-11,-3.7197808666860217,-33.899353907460196,-23.304415661784553,56.72381879849584
2001-08-12,-4.1938308832633515,-33.69432833690153,-23.1357731756011,57.56044961490462
2001-08-13,-4.123858346085272,-35.68307044759386,-23.01046481982896,57.31182177143442
2001-08-14,-2.916094274881183,-35.79733096618998,-25.00370230874741,59.85574582146743
2001-08-15,-3.271196723804516,-34.856657013379916,-23.49031278249224,58.84027579790024
2001-08-16,-1.7697590731959232,-34.53754517778198,-22.144038347761352,59.436357444285306
2001-08-17,-0.8755817188131587,-35.256301442594506,-23.208526737985476,58.48164352590516
2001-08-18,-2.2330316783900193,-33.43438039503023,-22.469369846634617,57.92141096035594
2001-08-19,-2.7057670925834576,-33.063311188593744,-22.927448131444006,57.41106089027463
2001-08-20,-4.111391497855022,-32.869927563254684,-22.897340161835686,58.106708008773104
2001-08-21,-3.3264695911013176,-31.02328148226009,-22.902510323450752,57.314788403433646
2001-08-22,-3.8921120601442896,-30.975817339490636,-22.33724949968509,57.870268478183156
2001-08-23,-3.3699584550946415,-31.694373893513514,-23.30265757025948,58.595692718508026
2001-08-24,-5.488708109080491,-30.452191226115495,-22.928126734974146,58.532035318320766
2001-08-25,-5.549731953115597,-32.11062185631615,-24.232483412924594,60.53804383473052
2001-08-26,-5.325636818324052,-35.40558443734374,-23.39953345196938,60.41222248592997
2001-08-27,-5.014580755527862,-35.36900630528718,-22.988397775605605,60.448252912865726
2001-08-28,-6.591897172574583,-36.539546797436394,-24.608472955023004,62.44462004133807
2001-08-29,-6.799406652927587,-36.64081756523503,-25.73327220525713,62.948724313832244
2001-08-30,-8.295193887558286,-36.75356499551271,-25.762854315851687,61.53863478727572
2001-08-31,-9.175595781111271,-35.06183393456279,-27.833035647289698,60.27372857240397
2001-09-01,-8.970990494047141,-35.0379990320395,-28.213869708207298,58.97122684094757
2001-09-02,-9.050321608483593,-36.83324341510355,-28.760223769021916,58.19430914366663
2001-09-03,-10.841467293292638,-37.18715669031623,-28.353084687663983,57.76619054840746
2001-09-04,-12.524092657628835,-36.13128961900703,-28.09307673683223,56.681848095679015
2001-09-05,-12.248058615548208,-36.089906086945795,-28.10362039412192,55.62698823560343
2001-09-06,-12.756435751392587,-36.96679794589211,-28.747041983645993,56.38636657766111
2001-09-07,-12.578744381498534,-37.43443128118308,-27.238875272322623,55.53061384121391
2001-09-08,-14.441936473248031,-36.80728520459171,-26.887126894373136,55.945026362254005
2001-09-09,-17.063379118575252,-35.80065795644587,-25.38014603986295,57.01243158688624
2001-09-10,-18.09954831045446,-35.23891720871643,-25.852640240579614,56.37473427840456
2001-09-11,-17.28509498444694,-34.993010487754745,-24.723476329880338,56.0134586657313
2001-09-12,-18.692606471377832,-34.998170178093055,-24.919906714646245,54.89993667392257
2001-09-13,-20.79102651084919,-35.47779952208191,-25.273433408731478,53.573954852452
2001-09-14,-22.534651563911698,-34.67876887000453,-26.301490130388697,54.400302346353136
2001-09-15,-22.334820359980647,-33.609289580810724,-25.52606243433084,54.571061158622044
2001-09-16,-22.911067828315634,-33.309570919396656,-26.038980222272144,54.96956784236473
2001-09-17,-21.691059985367414,-32.36777894725487,-28.3542836461362,55.11039974836137
2001-09-18,-22.587793597695782,-29.919095779862673,-26.55793169592908,53.380124778616874
2001-09-19,-20.3260369660936,-30.81399877399341,-27.692983735709777,51.1813922539291
2001-09-20,-20.35196088039665,-30.2638155614515,-29.784756411880227,51.36417441333315
2001-09-21,-21.00852320120508,-29.484794545189494,-29.47852160147616,49.80724191855902
2001-09-22,-20.327881822762595,-28.26422549391196,-28.713992938234913,49.65167597794649
2001-09-23,-20.534091539597668,-27.879788829264587,-28.741466164410568,49.19432077284874
2001-09-24,-21.06152546476827,-29.195620222094934,-28.528424389413782,50.66928944723788
2001-09-25,-22.87647957023599,-27.533329070645657,-28.08345415373709,51.52910170881718
2001-09-26,-22.65612824158376,-28.9446280820062,-26.995643772421424,50.671596781922844
2001-09-27,-23.965735582231666,-29.48729666800846,-27.715355580049078,51.62615640173169
2001-09-28,-25.10625129670394,-28.662529261749516,-28.323031751518872,52.61596847229236
2001-09-29,-25.02151054131621,-28.792111613781387,-28.05350885997947,53.25533146737773
2001-09-30,-25.93981417890574,-28.635031983256592,-27.43449708207271,53.83650833782446
2001-10-01,-27.53957182553446,-26.86635710780947,-26.749431445160997,53.26338251181136
2001-10-02,-26.678275504821734,-25.34594050351755,-27.770253638304247,52.98710164360124
2001-10-03,-25.869111373599857,-26.392995867689248,-27.27677271071566,54.55020404699043
2001-10-04,-27.112012865899754,-26.24041687762538,-26.803318544690153,54.69223775423747
2001-10-05,-26.61131314088289,-26.395037674395912,-26.908973931254252,54.312675503778365
2001-10-06,-27.84492374815093,-27.816380780669135,-27.74640729964929,53.115528390059936
2001-10-07,-28.503646529006552,-29.36780342646878,-27.92082517749606,55.71871832120405
2001-10-08,-28.5333005535556,-29.085837254706764,-28.69478471263919,55.72124701153683
2001-10-09,-28.444574829212325,-29.820608639081904,-27.700315407844165,56.23329011732279
2001-10-10,-28.206600314496452,-30.470516549993903,-27.283602873672223,56.66699174281027
2001-10-11,-28.068204643220742,-29.578854561821373,-25.901787185189832,56.44545355341738
2001-10-12,-28.081841908169867,-29.921429677215066,-25.802906431020073,55.88845615852011
2001-10-13,-28.779545925527266,-29.224109772776487,-24.986398779722066,55.8884143431763
2001-10-14,-29.061108530655087,-28.991299765253697,-25.009534675009213,55.76630361061982
2001-10-15,-30.29659639588996,-30.240572255702382,-23.909437106165534,55.61464931503207
2001-10-16,-29.945732759148484,-31.284715474565694,-23.678844835414292,56.94318213895097
2001-10-17,-29.495805189027095,-33.15786178904223,-24.07450509507374,56.75186850320674
2001-10-18,-30.34430769184322,-33.253488942200676,-24.890051427247815,57.625459198499975
2001-10-19,-29.884023449979825,-33.415760393130064,-23.90904771690226,57.49388527955372
2001-10-20,-30.150712257305873,-35.0499778083424,-25.05754214563266,57.42845623536835
2001-10-21,-31.545272930457372,-35.760316600494015,-25.019998418183143,57.5323943876232
2001-10-22,-32.916162440213,-36.92709179789773,-25.301945873946163,56.42059604463856
2001-10-23,-33.1218452023713,-37.7062809435721,-25.353953902146095,58.94471301184292
2001-10-24,-34.963830392341485,-39.176990973878326,-25.090832797233737,58.491259180532964
2001-10-25,-34.728701842034845,-38.9420409585388,-24.36360648989566,60.066419261923045
2001-10-26,-35.684959879141,-39.149317090686715,-24.523192433096845,57.91125366821977
2001-10-27,-36.843147675366346,-40.69068626298068,-22.829734038338426,58.342812759785105
2001-10-28,-39.948876642520176,-40.4026200856489,-19.954555213757118,59.097007631302546
2001-10-29,-40.39069677781087,-40.852166551852356,-19.800807248309898,59.18480833884549
2001-10-30,-38.8958462062106,-42.22112037969671,-19.888516555440724,59.34325847071051
2001-10-31,-38.73176578571757,-43.122301684273495,-19.392383792464702,59.522230910987
2001-11-01,-39.24517044021029,-42.01986081298532,-18.961251058786893,58.94409743874509
2001-11-02,-38.94300080031141,-42.967341555481525,-19.31274438532729,59.69919266665018
2001-11-03,-37.79847511749304,-43.257714608742596,-20.80784051266825,59.666232250690555
2001-11-04,-38.14469038736176,-42.81539946483525,-21.218350671574022,60.29218401460496
2001-11-05,-37.8038301987163,-41.916432766789804,-20.98467156148239,60.68878590852235
2001-11-06,-37.706410961305885,-41.50639776998121,-22.53451824831674,60.21829346294919
2001-11-07,-38.46484242470554,-42.683292093356386,-22.985121416313312,59.38887486671029
2001-11-08,-38.97721109074765,-42.70710608957089,-21.42247291789461,59.388430302602586
2001-11-09,-37.02893063285947,-43.460919153067906,-21.46865169870405,59.20288698294554
2001-11-10,-37.33221734862146,-42.9568389055025,-19.813784736127865,58.33400811678916
2001-11-11,-38.15695596267296,-42.73070245124726,-20.877397339127878,58.01839006832225
2001-11-12,-38.20190823035115,-42.83243970690174,-21.519309819322856,59.199883237091726
2001-11-13,-38.59456535892469,-43.936922700335636,-21.006936808131982,59.31842275252934
2001-11-14,-38.782711240886776,-43.612817926451754,-22.084809877988857,61.09492301763594
2001-11-15,-39.7313943562402,-41.57529934558816,-21.485027798555635,59.186330769486624
2001-11-16,-39.13600437014657,-38.7647417932653,-21.961873185471532,57.757923991566685
2001-11-17,-37.267003472527016,-37.475707858308795,-22.655721638868293,57.043790293604424
2001-11-18,-35.543198774274224,-36.49968838407563,-22.40310830996643,56.956608720471664
2001-11-19,-35.10123747042783,-34.97625180856388,-22.27887858928843,57.47385652601039
2001-11-20,-34.66339491370608,-36.19933949608972,-24.416084404089315,57.796749192562494
2001-11-21,-34.965726116442696,-36.37715885781263,-24.678621308003773,59.03319488897361
2001-11-22,-34.67932806212831,-34.797957840228364,-25.50663232713575,61.78343296626528
2001-11-23,-35.52440863035304,-33.997726960911294,-26.016007909223696,61.20059059986761
2001-11-24,-35.76435927315615,-32.94420610878882,-25.573726576868363,62.546343212606416
2001-11-25,-35.17484597519974,-31.29383909941208,-26.359889713816546,62.58621548987842
2001-11-26,-34.588157630919405,-29.054781861227404,-25.38695931011699,62.50491307412775
2001-11-27,-36.06206794628825,-28.044749397070742,-24.874284981602905,62.72139138986215
2001-11-28,-36.495026265731745,-27.778850882250627,-25.008127553140774,62.969422381255
2001-11-29,-35.87804930742269,-26.556986080086244,-25.492514041209237,61.70361485594865
2001-11-30,-31.97045269863581,-28.167577551175956,-25.562545835284155,61.967032873807334
2001-12-01,-32.14492158100547,-28.829858788115597,-25.085068784589986,63.161630523569414
2001-12-02,-30.830478477266293,-28.674445742340502,-24.87378682115872,62.8194774224992
2001-12-03,-31.898497623073165,-29.661964204520793,-24.213144185767877,63.7308373754319
2001-12-04,-31.873112810988854,-28.71630506342415,-22.437989794491735,62.39299418028201
2001-12-05,-31.190184017026695,-30.667439274855894,-22.4079389673439,62.57408723853603
2001-12-06,-31.006604001287553,-30.065729198984943,-23.007026830110327,63.151304146926705
2001-12-07,-31.13778687212656,-31.687326631420817,-22.83383229573183,63.951551080544334
2001-12-08,-32.00939959834045,-28.88303818902422,-21.61936785896502,62.95019280093416
2001-12-09,-32.622275978640765,-28.178566672510016,-22.17208350139832,61.56388619289545
2001-12-10,-32.30534636570559,-29.14719939740781,-21.56682821121171,61.66970225409367
2001-12-11,-31.672541385757587,-28.766791612877878,-20.48539575802111,60.05756309610604
2001-12-12,-31.144163388492025,-29.737944436138612,-20.50328337833497,60.465184643316476
2001-12-13,-31.663987452584387,-29.86964017642432,-20.939599347151397,60.540601266442195
2001-12-14,-30.204212000105148,-32.734513188812095,-19.46861459183082,60.315285883130585
2001-12-15,-30.683300715005053,-30.546523992992984,-18.409457528015118,59.611899601197344
2001-12-16,-31.42176037226077,-31.087658626311267,-17.83079542267531,61.039530616684864
2001-12-17,-30.27485833016781,-30.551257478296833,-18.054835558532382,62.733202633542426
2001-12-18,-29.23599229154311,-30.923364880911073,-17.003248946148062,60.40582244485222
2001-12-19,-28.17431576711269,-30.82038774901199,-18.685051284898467,60.268980421071234
2001-12-20,-26.996267191429077,-31.42770378803652,-17.95546498915774,58.08163483301813
2001-12-21,-26.746270027386558,-31.524010365555586,-16.805019933097434,57.98051637246421
2001-12-22,-28.029387103121742,-31.933685828121906,-18.616822243859392,58.09813096267023
2001-12-23,-27.62043802553404,-31.7323944636962,-19.26125878676336,59.16724040582146
2001-12-24,-27.951925922399745,-32.746971617517886,-19.93581395557427,59.60720813860105
2001-12-25,-28.360218031876254,-31.8343778747907,-18.118135988627394,59.41051660537137
2001-12-26,-26.989816315964216,-32.39771542622853,-18.6176310121474,58.418297589141545
2001-12-27,-27.892279432374515,-32.665264544750414,-19.920343517873356,56.68077579940142
2001-12-28,-27.987055848833794,-32.378613534977966,-19.306125633380955,56.140103738793655
2001-12-29,-28.586371756060156,-33.008461327202966,-20.801443288961124,56.81948812643475
2001-12-30,-28.213163191460474,-33.819074567772624,-19.30377856840655,56.70265086685626
2001-12-31,-27.588858488236404,-32.50025758781783,-20.429959634279374,58.59925536590069
2002-01-01,-27.481409147947613,-31.373455802359775,-19.77560879556577,58.513136833825456
2002-01-02,-27.109348815981974,-31.31727643365807,-19.9601480766603,57.34528885039714
2002-01-03,-27.250979596804182,-31.888598381611363,-20.284066831354913,55.42048820017377
2002-01-04,-27.800468368032142,-29.760644177292278,-17.965638582242924,54.83638004380023
2002-01-05,-29.064018838757484,-28.082785701393625,-17.132023065332135,53.86093128066955
2002-01-06,-29.181501231738924,-28.79655467270053,-18.771791033211965,55.57432044772987
2002-01-07,-28.943038621723478,-28.64827439438809,-17.241143002252038,56.3701451604711
2002-01-08,-30.095377231600054,-28.736306406044303,-18.69819199605127,57.109351554918454
2002-01-09,-29.51567976618863,-30.40967689099907,-19.79129407744583,55.515347416100845
2002-01-10,-29.709726676055418,-30.25608329369949,-18.610464235676005,58.60241682415442
2002-01-11,-28.619004573847565,-30.54336076896412,-17.817381646740472,57.43158012750981
2002-01-12,-29.60199611198504,-31.059912586136544,-16.989461260341884,55.60789125323331
2002-01-13,-31.29769300828969,-31.034681694806903,-15.858412998585736,55.722713758696266
2002-01-14,-32.59798037848804,-31.380226404432968,-14.841567221909294,57.15050449707673
2002-01-15,-34.981295086977255,-31.032494633627195,-14.216431262162509,56.26826327673698
2002-01-16,-34.69699350928902,-30.885038156074717,-14.742716011583903,56.31104441987371
2002-01-17,-35.064198970240085,-31.735619694614222,-15.27476020898881,56.05629314920939
2002-01-18,-35.325401502613225,-32.581605414187,-14.152530070472297,57.88774312968937
2002-01-19,-35.52131162557665,-33.244905865862194,-15.531333467357218,59.567349707847704
2002-01-20,-34.73486396659287,-32.9266196306742,-15.8705897380643,60.118996696007315
2002-01-21,-35.17726534390678,-32.689098970687375,-16.927528995403815,59.02819995617411
2002-01-22,-35.0756621390334,-33.02999211788498,-18.62700192537275,57.627077680790464
2002-01-23,-34.609706930914086,-31.67024711706046,-17.237513894804927,55.66662772953703
2002-01-24,-33.94283052773525,-31.687657087545027,-16.56866883261232,55.72732153078394
2002-01-25,-36.17255070611777,-31.28757069216637,-16.588349673767436,55.07416193115086
2002-01-26,-34.28228433037937,-30.50366768153723,-15.460269562486175,54.483289900212526
2002-01-27,-33.43520655316786,-30.56247680097714,-18.454511980760586,55.794100040958256
2002-01-28,-33.994326174546224,-29.01052210285942,-19.995757029521098,54.907434809384995
2002-01-29,-34.71032248258403,-27.699787116262392,-20.081937738013753,55.61535452648474
2002-01-30,-34.752606956221435,-27.276489325771525,-19.775141939591776,54.14155436619767
2002-01-31,-33.05880220056334,-26.439035819172382,-18.2572237476164,54.47630174441027
2002-02-01,-33.08863256211724,-26.896880914657295,-19.29936858236945,51.85893063049137
2002-02-02,-32.6179193328678,-27.32705938172242,-19.913142909180984,49.48482045227742
2002-02-03,-32.59147495331597,-27.040548505322747,-18.295753960483342,49.47846462214313
2002-02-04,-34.8214046905575,-25.749302860324136,-17.829396805517874,49.37463087672886
2002-02-05,-35.33480774450019,-25.0816176622971,-17.73664286530711,49.26991037028192
2002-02-06,-34.21473241175581,-26.48891451635584,-18.429282323329993,52.726838914627386
2002-02-07,-34.70212326048771,-25.92112725133995,-19.90431545084663,52.047017796201985
2002-02-08,-33.55151393727272,-26.459489172436754,-19.481425843899846,51.43596537705162
2002-02-09,-33.62725981956867,-27.234026535247715,-18.673980292248046,50.890584618555636
2002-02-10,-33.66925131909694,-26.045974289466365,-17.801407744000006,50.20856207069957
2002-02-11,-34.171412957358385,-25.945901651217323,-16.900887306777566,48.42264545752118
2002-02-12,-33.37511668153284,-26.09158127509266,-16.066712662798988,48.504165102372085
2002-02-13,-33.967594577510525,-26.86169842723156,-16.678259210187704,47.22907155205887
2002-02-14,-31.958149662407088,-25.23015031101771,-17.981266675550373,47.30882691723318
2002-02-15,-32.79620332932701,-26.132703107015878,-16.89313751673839,47.81933191135402
2002-02-16,-31.427098084210915,-26.255978198849828,-17.185176133579514,47.73652436441333
2002-02-17,-31.540720892834997,-24.316905906154666,-17.472412806777825,47.027991490048834
2002-02-18,-30.43993969408564,-25.07205455567995,-15.490012860340396,46.74884491186014
2002-02-19,-29.6693924449103,-28.102924123840932,-15.104602923680334,46.47293481379725
2002-02-20,-29.481864061072606,-27.751041389961742,-16.60762079434066,45.52863018257946
2002-02-21,-30.07757115016054,-25.779764252449915,-16.34132954539328,43.96701334680792
2002-02-22,-30.908678469606873,-26.48840712509246,-16.747839408476487,43.942665066220826
2002-02-23,-33.321013690352935,-26.07474382429292,-15.53276484099786,43.46725948735384
2002-02-24,-33.32924720010209,-27.141744708640186,-14.932744847876705,42.709313088165786
2002-02-25,-33.80400411851768,-30.072042323837874,-15.267821590066786,42.62622034349825
2002-02-26,-33.98742277165394,-30.273335895399228,-15.222625760456598,44.00235833486861
2002-02-27,-31.602915466906946,-31.94846787796399,-16.390924490535365,46.11839084778016
2002-02-28,-32.94084417757348,-33.198927017392556,-14.831060641618777,47.50191267878633
2002-03-01,-33.58666630553348,-32.582702550260414,-15.470810315411667,48.57205033054774
2002-03-02,-33.835062275965264,-30.92513410932847,-14.543110830562426,48.23002920990032
2002-03-03,-34.9221404429439,-31.220201863554358,-14.219783091413747,48.89583832356598
2002-03-04,-34.64928937606257,-32.64670716794462,-15.286145956427797,48.78246866380123
2002-03-05,-35.50852544330225,-33.545674880681695,-14.596243359450469,48.24142015543064
2002-03-06,-35.19453574770801,-33.824636139117985,-13.651181885178527,47.47287411138403
2002-03-07,-35.71493709394291,-33.01653404446533,-14.153009133141765,48.15494004713911
2002-03-08,-35.57953536785784,-32.741022479035834,-13.152069353943064,48.7202612570371
2002-03-09,-37.53535720185251,-33.082098115887376,-11.628220816768673,47.358558540838985
2002-03-10,-36.54183418696346,-33.22654223309519,-11.236318461520721,50.29824206580369
2002-03-11,-35.12900537334503,-34.64403260944426,-10.8249369346366,51.21565048461452
2002-03-12,-35.73710935857974,-33.09521622732799,-10.742201340590698,50.73418997022478
2002-03-13,-35.115237188638574,-31.578036676551772,-8.884412938728376,50.37880472028391
2002-03-14,-36.77889078612837,-31.949554322146874,-9.179392702388109,52.2429263996306
2002-03-15,-35.288728353016204,-31.803124442272576,-10.02918325771835,53.10136514161193
2002-03-16,-34.992398418539906,-32.6525239125517,-11.79637436076248,52.48543567641492
2002-03-17,-34.76474152102005,-31.76457896423677,-11.591271937767631,51.94880790408539
2002-03-18,-34.97892660229404,-32.29656577030724,-10.974506613779548,51.15522038689903
2002-03-19,-36.35706095043254,-30.590818652934093,-11.919739730191779,52.526657142044094
2002-03-20,-35.813269700243275,-29.935608868201538,-13.051922609207873,52.415965460700036
2002-03-21,-36.492735125451446,-30.951092593391575,-13.16852484844382,52.4386391069627
2002-03-22,-38.38553601460319,-31.254914812120663,-12.449660313119939,50.75752900542274
2002-03-23,-39.1819265887846,-31.686334167039767,-13.291566240834713,51.51323811799336
2002-03-24,-40.092903120440546,-30.98714528912441,-13.070947358458326,50.492168969585656
2002-03-25,-39.2461291318353,-30.611403918877663,-12.30757759545304,49.709035954815924
2002-03-26,-40.27544366595256,-29.555925700605265,-11.502298512060074,47.750107925894845
2002-03-27,-40.940458268662155,-31.19268626567615,-12.43059164464047,48.94537205338319
2002-03-28,-41.58335268150461,-31.868090271426464,-13.585455906494913,50.415814860373736
2002-03-29,-42.57821602410352,-31.1130287018088,-13.585362489668285,48.61694030719511
2002-03-30,-40.99548598525918,-32.21659390409162,-12.404163134991231,49.33773729386812
2002-03-31,-40.431066779662636,-33.93282775269386,-12.046270103427872,48.617687394935565
2002-04-01,-41.83218736336624,-33.30162019605647,-10.184058364347496,47.47694631427173
2002-04-02,-42.572947303967716,-33.48329422821325,-9.274225484433675,47.4707521100969
2002-04-03,-41.36512326854672,-35.21129335350466,-9.627571680803591,47.48253755531771
2002-04-04,-42.4526229777516,-32.57552904040532,-9.156697956230248,46.45026275125408
2002-04-05,-43.35988497379595,-32.021712765833286,-8.26591848010719,45.13007071566997
2002-04-06,-42.630170949331344,-32.60647049478741,-8.040773527290641,46.091707641780694
2002-04-07,-41.478406427533706,-33.405262363454874,-8.514239808096812,46.22133142679758
2002-04-08,-41.92671279755418,-32.56519199685637,-8.718111827151807,46.112641175818624
2002-04-09,-42.24618628077211,-32.14406703216749,-7.93463748551164,45.987035437963506
2002-04-10,-42.58351267036224,-33.240415803331395,-9.549661828309258,48.198708676553636
2002-04-11,-43.220793540208746,-33.853646423956626,-9.679056067168592,46.88194014843268
2002-04-12,-43.63602238997647,-32.88928518326895,-10.132605915846206,46.45319576131459
2002-04-13,-45.22554063959816,-33.95243270950385,-7.982544758575518,47.02507294218657
2002-04-14,-44.93226274369008,-34.674807661739,-7.633045255287986,46.603398757567696
2002-04-15,-46.10836274808409,-34.29082328820827,-7.242901896933891,48.79945763931455
2002-04-16,-45.46235005278655,-35.98798276512627,-8.019966322055769,50.16920290133926
2002-04-17,-45.01604009539706,-38.63625988001041,-8.435705641768614,50.971791589664356
2002-04-18,-45.988659078760676,-38.313672847699166,-8.067660039477033,49.444905716358264
2002-04-19,-46.516084082461504,-37.13077013704258,-6.752256191967037,49.19943619130139
2002-04-20,-45.95508976863991,-36.64430252342276,-4.875376774907582,50.01583395886341
2002-04-21,-46.325457846936246,-37.99710224067553,-4.0093438299372615,52.26748218979604
2002-04-22,-46.27028456945467,-37.45805455896849,-2.9859149403114538,52.8319291031917
2002-04-23,-46.84418921248496,-36.357153043375234,-3.329080795522027,53.07104413937923
2002-04-24,-45.412247651888826,-37.03817062542486,-3.1467020640972736,52.45269687865865
2002-04-25,-45.58228770190822,-37.552993225735655,-2.867266636674392,53.32122221421219
2002-04-26,-45.2016795525586,-40.105164706589775,-1.2204393719252316,54.81049846236634
2002-04-27,-45.42522079044638,-41.16490049485513,-1.8027045004812425,57.039594243420005
2002-04-28,-47.41997884977772,-41.95707256444811,-1.2655531192838503,55.92444025665771
2002-04-29,-49.1256745465632,-42.81744382224961,1.057628064839997,54.95476412806339
2002-04-30,-47.56667985446444,-42.61217685354406,2.478340552684406,54.295606429117555
2002-05-01,-49.29267006703487,-41.59104441695165,1.7232625226377483,54.41501434591725
2002-05-02,-51.078722253924184,-42.326264879870024,0.31226392678874615,54.42656528387889
2002-05-03,-50.77667008121388,-41.31784500941737,1.4893356132007776,52.48122640753856
2002-05-04,-51.89978691836649,-40.883034166746405,0.6414082439995608,50.93930640244473
2002-05-05,-51.296962815110035,-40.620882360611716,1.8357657060372867,50.87615073832161
2002-05-06,-50.139279694035864,-40.62019323292459,1.631397901145268,50.15934122797151
2002-05-07,-50.16868985486884,-40.378906979204814,3.014225214014603,49.90091706090179
2002-05-08,-51.896979051675565,-40.22563322919888,2.704639221795887,49.641669473786685
2002-05-09,-50.66862228470146,-40.67751810449166,4.929002214214852,51.0033986274061
2002-05-10,-49.50785936812079,-41.670741029457254,4.242839613924221,52.053332376283414
2002-05-11,-50.034012430437784,-40.058466337618555,5.004624611413873,51.82338644689777
2002-05-12,-51.16387709386942,-38.026467481914786,5.307522340691602,52.08893392534024
2002-05-13,-51.658309838968144,-36.816213414246434,7.484764862653167,50.822320171376795
2002-05-14,-51.06752211885352,-37.0547203535781,8.061698430934198,50.71145261400019
2002-05-15,-50.91893997575982,-38.252743998529205,7.8900614261737525,49.79052710298513
2002-05-16,-51.713456508154664,-37.20241226474524,6.521075961776412,50.97631911451645
2002-05-17,-52.167186141212376,-37.20992564902284,7.906021333340668,51.72155233061035
2002-05-18,-50.08677049349251,-37.41485438262516,7.2339112081097205,51.33889314730982
2002-05-19,-50.203605178748,-38.24380281112872,6.146080173498687,51.486767015804155
2002-05-20,-48.2176689613741,-38.66227956445093,5.610159148787496,50.12081675372666
2002-05-21,-48.54049557561553,-38.95674962202954,6.660884202290676,48.923033754047204
2002-05-22,-48.920169089445366,-39.505164780838925,8.040110723346448,48.27511491070271
2002-05-23,-49.2148435943051,-40.60862113959824,7.907784779022072,47.33544738654291
2002-05-24,-48.14903713299201,-41.471167406645904,8.04662418492282,47.90862113987714
2002-05-25,-48.007006250215845,-42.21330542901625,9.008089918019284,48.339155855265844
2002-05-26,-48.75319656730763,-42.20486371707621,9.034750512548051,49.190092900263714
2002-05-27,-49.64921896451589,-41.76197668154193,8.583985198615528,48.81330516449652
2002-05-28,-48.590661054817396,-41.96913134015255,7.824827632558833,48.1654587728062
2002-05-29,-46.87558298214174,-42.28569091331617,7.8533602101213775,49.1910681357189
2002-05-30,-46.726599326387756,-42.541226182585184,8.182334100867177,49.58417096210127
2002-05-31,-47.38695485999817,-41.10572634953268,9.352141368142052,49.628844399230516
2002-06-01,-46.845544554144865,-42.49444689720196,9.210755198532306,49.085734621839286
2002-06-02,-46.36411158307453,-42.30169273246256,8.50766257929386,49.55708408625931
2002-06-03,-46.42428992112355,-41.11989908492631,9.96057693040175,50.15333187213763
2002-06-04,-48.349513052928,-42.01663588651638,10.438189226794567,50.03174814707417
2002-06-05,-47.841875289074935,-43.32225895982144,11.082634737223945,50.33550885666547
2002-06-06,-48.6718776186831,-44.931374881108674,13.643300745677596,51.80626815748416
2002-06-07,-48.27948332501944,-45.41289639995822,13.936945356241974,51.938045848562545
2002-06-08,-46.956056350811856,-45.074193174980806,13.697718640808146,51.50507757737725
2002-06-09,-48.29914869801163,-45.62324031070717,12.682222194890441,51.668130990149834
2002-06-10,-47.996183367278334,-47.1586400684833,11.822434266651166,52.22154918958772
2002-06-11,-48.80591047667864,-46.380555315274805,10.944539326513617,53.690063529153214
2002-06-12,-49.3357644076778,-45.81947141501808,10.934542823629712,54.348939965699195
2002-06-13,-49.80352075280766,-47.799580889410855,10.88353899163356,54.0367809448796
2002-06-14,-50.38461122216034,-46.89905525964231,11.105835479557541,55.76777806804355
2002-06-15,-49.76462004694073,-45.95817461442051,10.922612291585477,57.47635261433323
2002-06-16,-50.29165342999239,-46.20212907295715,10.459997101797544,58.255711953873785
2002-06-17,-49.78308631429149,-46.56472141101036,9.559938490865113,57.96053671766703
2002-06-18,-50.960367123460564,-47.96501083405591,11.088897041631817,58.06388390206151
2002-06-19,-50.11533262766546,-47.13078810143124,10.200623859736476,58.187083915317004
2002-06-20,-50.49677127737222,-47.49934817539578,10.251573032557443,58.49558709010218
2002-06-21,-50.38808153959153,-48.81341078670898,10.191340072572487,57.829964368453865
2002-06-22,-49.59592150961015,-48.80848506790409,9.92871517480292,58.75664577390213
2002-06-23,-51.04373566494673,-48.737212094269005,10.280434294658281,57.35133281117271
2002-06-24,-49.83063772210921,-50.37264826707069,10.063777687560112,57.266993669314914
2002-06-25,-47.54981092813536,-49.86981835275511,9.441916282535395,59.19643329476389
2002-06-26,-47.28810970004558,-51.09223769619775,8.99006133713614,58.68814499587605
2002-06-27,-47.3130229449386,-50.58704959356739,10.235610803866777,58.53629710145673
2002-06-28,-47.00581310592053,-51.230411947941654,11.230597623072597,58.15836190441461
2002-06-29,-47.11895996972123,-50.096429445686965,11.27259025752032,59.11649789163912
2002-06-30,-46.71819337032472,-49.788193599651166,10.308991046579589,59.330300733166986
2002-07-01,-46.912193841372215,-50.81863703103102,10.922244962158736,57.93012232027199
2002-07-02,-46.04187623521634,-51.818091382468054,11.961114515036744,56.776623621864196
2002-07-03,-46.44190006810258,-51.58464040611774,11.890206564314555,56.73500898463232
2002-07-04,-46.057612818629956,-51.53360791530526,12.212670840759616,56.668200905150684
2002-07-05,-46.27767893632897,-53.14894025044013,11.800851296730263,57.68281889697702
2002-07-06,-45.84410796129015,-53.638810817196976,12.01161275412101,56.08141387072012
2002-07-07,-44.54306786458926,-55.76611570604235,13.878815216727437,56.04216802276472
2002-07-08,-44.382726511661836,-55.86440002076561,13.651755409336534,55.0223646469593
2002-07-09,-44.67202361567665,-54.96399416952872,13.093247336682596,54.7518544531756
2002-07-10,-44.23270302924334,-53.35303746000182,12.266155894303344,54.96937601589569
2002-07-11,-43.79774282600229,-53.57372202377671,10.491654417486387,54.19843850416325
2002-07-12,-42.21488827809568,-53.604551621795295,11.347837401060673,53.971261176242585
2002-07-13,-41.40967576840403,-52.98276202788169,10.304460486716666,53.842367804394584
2002-07-14,-40.9066577642453,-54.16808807862296,11.17878827913026,54.73456015313133
2002-07-15,-43.23732711871946,-54.28408059528982,11.331921619443303,53.21293180384978
2002-07-16,-43.419088945620146,-54.975382279042876,11.33894382936764,52.951457040437205
2002-07-17,-42.89836510404178,-54.13299413309406,11.354463340131574,52.86583244080072
2002-07-18,-42.70162679919466,-54.21293815153176,12.803598849584986,51.339911811319205
2002-07-19,-42.53644485658459,-56.53232270607874,11.142688395213654,50.94538462985467
2002-07-20,-42.9621918750776,-57.33134550244585,9.894542764495895,49.82306214466196
2002-07-21,-43.61821903967147,-56.79009467834566,9.005532878159984,49.651920681669694
2002-07-22,-44.59842623155468,-54.622328212660626,7.753657291908933,51.39664371308634
2002-07-23,-43.93167112912067,-54.93773517774943,7.952962468249772,51.499140322293265
2002-07-24,-43.03793277496836,-55.74419946562252,6.980952783993017,52.897261307852276
2002-07-25,-42.05917289654066,-55.7079292610555,7.242563351507827,53.5670047986525
2002-07-26,-42.06650479033748,-56.94821797139784,8.102675202685894,52.36361064842589
2002-07-27,-41.30075025637828,-56.04189443518666,8.159121285372695,53.22607872045185
2002-07-28,-40.41815618911269,-56.32411149289655,8.923448433967897,51.91188955673058
2002-07-29,-39.609166658329286,-56.75385432204146,7.920857075058916,51.308471172954164
2002-07-30,-39.833342400371734,-55.842188186863766,8.48613515916717,52.428638398411096
2002-07-31,-40.47722125092459,-54.4065247301569,9.136601753078068,52.70983781802914
2002-08-01,-39.02691337511013,-55.70688665209036,10.866717839005586,54.987754276809575
2002-08-02,-39.28975908873949,-55.09140763053659,9.378369974929141,55.537462072726996
2002-08-03,-38.63669266651851,-55.64423370291964,7.338301204643912,54.72710765563919
2002-08-04,-38.07253302242554,-55.45470547134315,6.403599304139978,56.12920806532623
2002-08-05,-37.696803164247186,-55.81639697017247,5.73400360907845,56.6603905897229
2002-08-06,-39.11523494752954,-56.15780686031528,6.428049086845229,57.012326992031355
2002-08-07,-38.151791864113065,-57.24053253990728,5.9194678900075335,56.47895534721265
2002-08-08,-37.69659679514789,-56.376821199119306,4.283452740580303,55.541326333998455
2002-08-09,-35.957414301674014,-57.2831263817648,3.478367678175183,54.03510356530399
2002-08-10,-36.82820030149376,-56.87771466169335,2.987929637566846,50.768202013630585
2002-08-11,-36.390516833909324,-56.315090702727055,2.136541784768677,51.53499325665453
2002-08-12,-37.09366687781742,-54.52253125967037,3.3100301723309205,52.78801707294663
2002-08-13,-37.912912172237014,-54.95968945118948,3.1521599914285945,53.06725583925615
2002-08-14,-36.709020775074464,-56.416430734482844,3.0717207415060463,51.926620318194715
2002-08-15,-37.76866164660104,-56.96179273717198,4.959433274583697,51.727282993850615
2002-08-16,-37.53924804985366,-57.47773316687291,5.710016151582376,50.86279765348799
2002-08-17,-38.34460040018303,-57.66405087420495,6.4682992616504595,50.364158330654845
2002-08-18,-38.48708493439941,-58.60103537186469,7.701160018780741,50.95293384095648
2002-08-19,-38.55235078997401,-59.78059109153475,6.889757452242261,51.4076288895347
2002-08-20,-38.35214506904221,-59.06935106123854,7.248748981274289,49.95485441630267
2002-08-21,-38.06895736382771,-58.62679491702022,8.153513662165787,50.17230835782904
2002-08-22,-38.123266342428906,-58.32588736711198,8.209629220981506,51.60577536297881
2002-08-23,-37.222262290464485,-58.81446081243608,8.382628006107375,50.855716918544864
2002-08-24,-38.19569446617277,-58.72003256503479,9.052072229436833,49.32223238322789
2002-08-25,-38.21571784524818,-58.19926387884044,9.535418451697062,50.54184810594924
2002-08-26,-39.259068337918535,-57.98322787730031,8.180842159510274,49.50104806509813
2002-08-27,-39.10455922148321,-57.86345170578594,10.459576278103688,49.76953944026721
2002-08-28,-38.939332643538535,-59.07527639066764,11.274446960137647,51.73050741147951
2002-08-29,-38.82074670685937,-58.342615040206304,11.503477484226979,52.39710971600978
2002-08-30,-40.53736121508377,-57.37597301208025,10.532633582775127,53.123260979127245
2002-08-31,-40.09916594319201,-57.3822712383481,10.368050329752634,52.914392785768975
2002-09-01,-39.85654976315386,-58.45096075308096,10.87960243140072,52.52941796164292
2002-09-02,-39.85390981701505,-58.08333863130628,12.788422709018059,52.470666615029586
2002-09-03,-40.5292541290589,-58.62060336450996,12.19976083721919,52.213108756451504
2002-09-04,-39.60646729908763,-58.931574289543114,12.982328205049154,53.818166517017424
2002-09-05,-40.868621236024104,-58.198776762910235,14.722649445457154,52.79866658754116
2002-09-06,-42.438269662531695,-57.113440368540964,13.97215416468267,51.137097859254496
2002-09-07,-42.26607494623149,-58.21496950060142,13.605812261113766,50.11670403742095
2002-09-08,-41.76360460798871,-56.292222086771126,13.685574106869696,49.80526513113194
2002-09-09,-41.813984208513126,-58.22752490431834,13.03245004762488,48.73167048099567
2002-09-10,-43.285435230610815,-56.58501006634135,13.716743409805161,50.314066644582525
2002-09-11,-43.192802822831595,-56.02787048762787,14.06840411692273,50.08352240180257
2002-09-12,-43.43739098437425,-56.36309652612528,13.425501147801622,50.129115474490945
2002-09-13,-43.991946516302846,-55.960018543736105,13.237884088770427,49.082169540080436
2002-09-14,-43.78701229896612,-55.51539952094193,13.079608864319482,48.891992117586305
2002-09-15,-44.176313703932905,-55.02041503782524,14.294079148530969,48.50652447571708
2002-09-16,-45.85159085635558,-54.854620024036855,16.309662712417683,47.26242318392994
2002-09-17,-45.79605098085311,-55.42725723589579,14.90245262995717,47.10743629584758
2002-09-18,-45.476453404609124,-55.7331867974177,14.596847361167484,48.79278297877728
2002-09-19,-44.16842640326418,-53.96859524415853,15.135494505194881,48.65529796340889
2002-09-20,-42.09593718066288,-55.00637447760337,15.551244981503334,47.7835670244625
2002-09-21,-41.98847200274906,-56.20724051560016,14.953993396689336,47.5289454669688
2002-09-22,-43.63943326725026,-58.25177247187857,13.862972237567156,47.386681570009635
2002-09-23,-41.73249299913268,-59.070233886607475,13.774909631162213,46.47766090341218
2002-09-24,-42.611533313266996,-58.31703113020961,13.79312440578678,47.3378761566126
2002-09-25,-44.63752943204768,-59.34623326453728,12.549914059328778,45.314966731789234
2002-09-26,-44.71571205900173,-60.39381798474543,11.898456525998602,46.37732577618597
